-- phpMyAdmin SQL Dump
-- version 4.8.4
-- https://www.phpmyadmin.net/
--
-- Hôte : 127.0.0.1:3306
-- Généré le :  mer. 13 nov. 2019 à 12:39
-- Version du serveur :  5.7.24
-- Version de PHP :  7.3.1

SET SQL_MODE = "NO_AUTO_VALUE_ON_ZERO";
SET AUTOCOMMIT = 0;
START TRANSACTION;
SET time_zone = "+00:00";


/*!40101 SET @OLD_CHARACTER_SET_CLIENT=@@CHARACTER_SET_CLIENT */;
/*!40101 SET @OLD_CHARACTER_SET_RESULTS=@@CHARACTER_SET_RESULTS */;
/*!40101 SET @OLD_COLLATION_CONNECTION=@@COLLATION_CONNECTION */;
/*!40101 SET NAMES utf8mb4 */;

--
-- Base de données :  `latrines`
--

-- --------------------------------------------------------

--
-- Structure de la table `datalat`
--

DROP TABLE IF EXISTS `datalat`;
CREATE TABLE IF NOT EXISTS `datalat` (
  `idDat` int(3) UNSIGNED NOT NULL AUTO_INCREMENT,
  `idSte` int(3) UNSIGNED NOT NULL,
  `idEnv` int(3) UNSIGNED NOT NULL,
  `pitTyp` int(4) UNSIGNED DEFAULT NULL,
  `watTyp` int(4) UNSIGNED DEFAULT NULL,
  `othTyp` int(4) UNSIGNED DEFAULT NULL,
  `noTyp` int(4) UNSIGNED DEFAULT NULL,
  `mudSol` int(4) UNSIGNED DEFAULT NULL,
  `wodSol` int(4) UNSIGNED DEFAULT NULL,
  `brkSol` int(4) UNSIGNED DEFAULT NULL,
  `stnSol` int(4) UNSIGNED DEFAULT NULL,
  `cmtSol` int(4) UNSIGNED DEFAULT NULL,
  `mscSol` int(4) UNSIGNED DEFAULT NULL,
  `othSol` int(4) UNSIGNED DEFAULT NULL,
  PRIMARY KEY (`idDat`),
  KEY `idSte` (`idSte`),
  KEY `idEnv` (`idEnv`)
) ENGINE=MyISAM AUTO_INCREMENT=71 DEFAULT CHARSET=utf8;

--
-- Déchargement des données de la table `datalat`
--

INSERT INTO `datalat` (`idDat`, `idSte`, `idEnv`, `pitTyp`, `watTyp`, `othTyp`, `noTyp`, `mudSol`, `wodSol`, `brkSol`, `stnSol`, `cmtSol`, `mscSol`, `othSol`) VALUES
(1, 1, 1, 809705, 1093148, 397842, 10375523, 7997880, 45420, 94488, 3829081, 2931084, 84033, 48655),
(2, 1, 2, 630179, 1960525, 667807, 915128, 496367, 10447, 28101, 2362869, 1558039, 473033, 50847),
(3, 2, 1, 39513, 9940, 28418, 86630, 62617, 116707, 292, 401, 37272, 89, 388),
(4, 2, 2, 15434, 13499, 12903, 6278, 20571, 10794, 309, 377, 33669, 147, 127),
(5, 3, 1, 1979800, 363519, 170485, 1706369, 4536303, 190347, 49671, 19399, 387350, 8810, 2410),
(6, 3, 2, 188702, 421092, 66741, 38650, 389088, 18905, 27090, 11562, 503712, 23629, 718),
(7, 4, 1, 755668, 526492, 479431, 10898416, 12768815, 86920, 344648, 35388, 1305839, 27232, 7064),
(8, 4, 2, 150391, 574602, 196767, 400823, 621004, 13685, 82412, 10721, 948452, 63331, 1016),
(9, 5, 1, 59659, 61434, 52901, 3185084, 3591454, 7716, 9415, 149724, 248636, 8881, 1896),
(10, 5, 2, 40676, 306495, 68034, 374235, 353191, 2506, 6200, 127069, 423907, 67147, 984),
(11, 6, 1, 26636, 29316, 11911, 72892, 105529, 391, 850, 1245, 77329, 38726, 613),
(12, 6, 2, 25948, 53831, 16080, 42602, 36384, 704, 1034, 1393, 99997, 93363, 1310),
(13, 7, 1, 475894, 663847, 134782, 4611438, 4452316, 19276, 33951, 327585, 1819712, 857525, 14808),
(14, 7, 2, 366410, 2334150, 326408, 731060, 376692, 13349, 21264, 568100, 1357705, 2558329, 26383),
(15, 8, 1, 502207, 51845, 149461, 1750950, 1916218, 5375, 520770, 35181, 1003792, 56099, 7049),
(16, 8, 2, 284714, 333201, 249377, 207887, 220096, 3282, 155829, 78591, 976468, 119526, 7999),
(17, 9, 1, 164167, 70258, 69777, 793318, 1297320, 228996, 6528, 50324, 571209, 10132, 3830),
(18, 9, 2, 17166, 71153, 22197, 32597, 28127, 7030, 1518, 1879, 192280, 9034, 715),
(19, 10, 1, 190753, 33450, 261231, 675923, 1555302, 151794, 9660, 8926, 391929, 4661, 3214),
(20, 10, 2, 78751, 103602, 156815, 51243, 130680, 20299, 5125, 3239, 464219, 17996, 1508),
(21, 11, 1, 80582, 84693, 84517, 3552620, 3801701, 6243, 48437, 6281, 619037, 4861, 2647),
(22, 11, 2, 78521, 437172, 191197, 353288, 339473, 6704, 27843, 4361, 935525, 34438, 971),
(23, 12, 1, 632514, 311500, 217245, 5513914, 4910985, 41439, 41400, 1418565, 2407358, 132880, 45854),
(24, 12, 2, 736283, 1595616, 343868, 881193, 534482, 17031, 23660, 853468, 2467362, 912206, 23406),
(25, 13, 1, 631664, 3063983, 324374, 922529, 1791236, 21667, 53279, 80733, 4505922, 392957, 48982),
(26, 13, 2, 183557, 1235462, 101728, 131909, 284427, 5094, 22466, 17821, 1716511, 378387, 37392),
(27, 14, 1, 315561, 213056, 197601, 7398577, 9209664, 18594, 45042, 321367, 654200, 131912, 11758),
(28, 14, 2, 332437, 1148702, 412089, 901630, 1103837, 12342, 25222, 512506, 1349038, 615130, 8734),
(29, 15, 1, 1124458, 585470, 292008, 8991687, 10777153, 64916, 105431, 533788, 1126947, 1658651, 142109),
(30, 15, 2, 571036, 3580166, 535330, 3382994, 1412513, 48147, 74552, 551808, 2530113, 6316465, 258796),
(31, 16, 1, 198029, 13708, 17925, 66692, 286826, 48365, 2112, 1671, 22342, 586, 127),
(32, 16, 2, 67834, 20815, 7904, 4749, 92392, 2604, 2237, 1344, 30153, 1426, 186),
(33, 17, 1, 98370, 12339, 21490, 197479, 173749, 167671, 1588, 1209, 55987, 370, 818),
(34, 17, 2, 30005, 39435, 13505, 7623, 16345, 40313, 431, 792, 59981, 1020, 328),
(35, 18, 1, 55677, 3271, 4337, 16077, 7330, 76349, 83, 106, 7142, 4, 174),
(36, 18, 2, 44477, 28170, 7353, 1604, 7194, 56040, 164, 105, 34948, 249, 181),
(37, 19, 1, 125410, 15705, 30410, 93809, 187841, 68061, 1573, 1379, 35331, 551, 182),
(38, 19, 2, 27000, 13255, 22539, 3922, 25835, 13717, 577, 391, 43670, 1181, 56),
(39, 20, 1, 209472, 223290, 90510, 6259607, 6507071, 72064, 78575, 39601, 1661232, 13539, 6425),
(40, 20, 2, 103055, 468113, 77767, 438313, 391466, 35953, 16897, 6799, 992842, 48400, 2165),
(41, 21, 1, 731747, 177292, 226487, 1639936, 1907982, 6549, 655972, 104777, 1063286, 59930, 6579),
(42, 21, 2, 305813, 692949, 290145, 200787, 288532, 5585, 342473, 283772, 1149899, 81937, 10203),
(43, 22, 1, 579921, 227428, 238036, 6111318, 5634567, 17450, 133296, 879243, 2892857, 124357, 55774),
(44, 22, 2, 397910, 886868, 378726, 522087, 358679, 6368, 75403, 676792, 1704100, 353253, 25594),
(45, 23, 1, 27296, 22326, 4816, 37285, 44708, 24060, 204, 2225, 38078, 475, 205),
(46, 23, 2, 251, 11322, 373, 1069, 637, 1039, 25, 56, 16250, 876, 5),
(47, 24, 1, 377122, 609067, 201730, 7086871, 4178613, 12476, 181770, 44746, 5095522, 199742, 11842),
(48, 24, 2, 658193, 2682181, 454527, 2103935, 955203, 9546, 148668, 31472, 5024425, 1080325, 22254),
(49, 25, 1, 356303, 24631, 39650, 119096, 618452, 30644, 11307, 831, 39045, 674, 202),
(50, 25, 2, 54806, 52763, 11051, 3723, 83829, 1220, 7774, 737, 66737, 1638, 93),
(51, 26, 1, 1716646, 401200, 1840724, 16631504, 23548929, 82547, 1135947, 97578, 2180738, 115504, 17740),
(52, 26, 2, 934442, 1653335, 1549079, 1033671, 1766174, 31881, 827258, 144213, 3924493, 416239, 12214),
(53, 27, 1, 192541, 85770, 99685, 818161, 1389703, 52751, 21658, 71481, 461179, 12953, 2905),
(54, 27, 2, 104258, 159255, 75478, 51173, 75802, 3384, 12336, 5481, 404278, 51714, 657),
(55, 28, 1, 1712827, 778345, 514682, 8156016, 11441120, 151907, 415797, 50849, 2307003, 30558, 16077),
(56, 28, 2, 1042595, 2513682, 307646, 690122, 1245696, 59323, 194141, 29636, 3872338, 318914, 6798),
(57, 29, 1, 6154, 9127, 5737, 28635, 34822, 5077, 121, 181, 31392, 91, 152),
(58, 29, 2, 1578, 13739, 2589, 5503, 2660, 1478, 136, 108, 27636, 343, 25),
(59, 30, 1, 1363, 10137, 3098, 6704, 2605, 52, 1265, 118, 22095, 269, 24),
(60, 30, 2, 1849, 127789, 14950, 35988, 23578, 279, 4111, 5703, 160327, 20269, 3439),
(61, 31, 1, 74, 5538, 67, 27104, 25886, 36, 295, 404, 8108, 6086, 109),
(62, 31, 2, 388, 8010, 241, 2551, 2391, 31, 166, 481, 5950, 7381, 179),
(63, 32, 1, 2069, 4468, 537, 15017, 5494, 88, 77, 308, 21840, 6453, 55),
(64, 32, 2, 419, 7418, 179, 4235, 787, 81, 102, 542, 8978, 9032, 65),
(65, 33, 1, 55767, 32255, 18586, 62920, 47809, 311, 24879, 4947, 147382, 18494, 866),
(66, 33, 2, 362087, 1129239, 393275, 500020, 213832, 4790, 120231, 92931, 2266101, 427073, 10310),
(67, 34, 1, 20, 4881, 83, 367, 1390, 1, 12, 3, 7759, 261, 33),
(68, 34, 2, 30, 2729, 499, 631, 753, 2, 9, 4, 5830, 338, 212),
(69, 35, 1, 708, 14325, 434, 56732, 36591, 88, 600, 227, 49992, 2440, 41),
(70, 35, 2, 2994, 81057, 4692, 47713, 25155, 203, 928, 428, 120156, 29677, 680);

-- --------------------------------------------------------

--
-- Structure de la table `environnements`
--

DROP TABLE IF EXISTS `environnements`;
CREATE TABLE IF NOT EXISTS `environnements` (
  `idEnv` int(3) UNSIGNED NOT NULL AUTO_INCREMENT,
  `envLib` varchar(128) NOT NULL,
  PRIMARY KEY (`idEnv`)
) ENGINE=MyISAM AUTO_INCREMENT=3 DEFAULT CHARSET=utf8;

--
-- Déchargement des données de la table `environnements`
--

INSERT INTO `environnements` (`idEnv`, `envLib`) VALUES
(1, 'Rural'),
(2, 'Urban');

-- --------------------------------------------------------

--
-- Structure de la table `states`
--

DROP TABLE IF EXISTS `states`;
CREATE TABLE IF NOT EXISTS `states` (
  `idSte` int(3) UNSIGNED NOT NULL AUTO_INCREMENT,
  `steNom` varchar(128) NOT NULL,
  PRIMARY KEY (`idSte`)
) ENGINE=MyISAM AUTO_INCREMENT=36 DEFAULT CHARSET=utf8;

--
-- Déchargement des données de la table `states`
--

INSERT INTO `states` (`idSte`, `steNom`) VALUES
(1, 'STATE - ANDHRA PRADESH  28'),
(2, 'STATE - ARUNACHAL PRADESH  12'),
(3, 'STATE - ASSAM  18'),
(4, 'STATE - BIHAR  10'),
(5, 'STATE - CHHATTISGARH  22'),
(6, 'STATE - GOA  30'),
(7, 'STATE - GUJARAT  24'),
(8, 'STATE - HARYANA  06'),
(9, 'STATE - HIMACHAL PRADESH  02'),
(10, 'STATE - JAMMU & KASHMIR  01'),
(11, 'STATE - JHARKHAND  20'),
(12, 'STATE - KARNATAKA  29'),
(13, 'STATE - KERALA  32'),
(14, 'STATE - MADHYA PRADESH  23'),
(15, 'STATE - MAHARASHTRA  27'),
(16, 'STATE - MANIPUR  14'),
(17, 'STATE - MEGHALAYA  17'),
(18, 'STATE - MIZORAM  15'),
(19, 'STATE - NAGALAND  13'),
(20, 'STATE - ORISSA  21'),
(21, 'STATE - PUNJAB  03'),
(22, 'STATE - RAJASTHAN  08'),
(23, 'STATE - SIKKIM  11'),
(24, 'STATE - TAMIL NADU  33'),
(25, 'STATE - TRIPURA  16'),
(26, 'STATE - UTTAR PRADESH  09'),
(27, 'STATE - UTTARANCHAL  05'),
(28, 'STATE - WEST BENGAL  19'),
(29, 'UNION TERRITORY - ANDAMAN & NICOBAR ISLANDS  35'),
(30, 'UNION TERRITORY - CHANDIGARH  04'),
(31, 'UNION TERRITORY - DADRA & NAGAR HAVELI  26'),
(32, 'UNION TERRITORY - DAMAN & DIU  25'),
(33, 'UNION TERRITORY - DELHI  07'),
(34, 'UNION TERRITORY - LAKSHADWEEP  31'),
(35, 'UNION TERRITORY - PONDICHERRY  34');

-- --------------------------------------------------------

--
-- Structure de la table `steenv`
--

DROP TABLE IF EXISTS `steenv`;
CREATE TABLE IF NOT EXISTS `steenv` (
  `idSte` int(3) UNSIGNED NOT NULL,
  `idEnv` int(3) UNSIGNED NOT NULL,
  UNIQUE KEY `idSte` (`idSte`,`idEnv`)
) ENGINE=MyISAM DEFAULT CHARSET=utf8;

--
-- Déchargement des données de la table `steenv`
--

INSERT INTO `steenv` (`idSte`, `idEnv`) VALUES
(1, 1),
(1, 2),
(2, 1),
(2, 2),
(3, 1),
(3, 2),
(4, 1),
(4, 2),
(5, 1),
(5, 2),
(6, 1),
(6, 2),
(7, 1),
(7, 2),
(8, 1),
(8, 2),
(9, 1),
(9, 2),
(10, 1),
(10, 2),
(11, 1),
(11, 2),
(12, 1),
(12, 2),
(13, 1),
(13, 2),
(14, 1),
(14, 2),
(15, 1),
(15, 2),
(16, 1),
(16, 2),
(17, 1),
(17, 2),
(18, 1),
(18, 2),
(19, 1),
(19, 2),
(20, 1),
(20, 2),
(21, 1),
(21, 2),
(22, 1),
(22, 2),
(23, 1),
(23, 2),
(24, 1),
(24, 2),
(25, 1),
(25, 2),
(26, 1),
(26, 2),
(27, 1),
(27, 2),
(28, 1),
(28, 2),
(29, 1),
(29, 2),
(30, 1),
(30, 2),
(31, 1),
(31, 2),
(32, 1),
(32, 2),
(33, 1),
(33, 2),
(34, 1),
(34, 2),
(35, 1),
(35, 2);

-- --------------------------------------------------------

--
-- Structure de la table `tmplatsol`
--

DROP TABLE IF EXISTS `tmplatsol`;
CREATE TABLE IF NOT EXISTS `tmplatsol` (
  `idSol` int(3) UNSIGNED NOT NULL AUTO_INCREMENT,
  `mudSol` int(4) UNSIGNED DEFAULT NULL,
  `wodSol` int(4) UNSIGNED DEFAULT NULL,
  `brkSol` int(4) UNSIGNED DEFAULT NULL,
  `stnSol` int(4) UNSIGNED DEFAULT NULL,
  `cmtSol` int(4) UNSIGNED DEFAULT NULL,
  `mscSol` int(4) UNSIGNED DEFAULT NULL,
  `othSol` int(4) UNSIGNED DEFAULT NULL,
  PRIMARY KEY (`idSol`)
) ENGINE=MyISAM AUTO_INCREMENT=71 DEFAULT CHARSET=utf8;

--
-- Déchargement des données de la table `tmplatsol`
--

INSERT INTO `tmplatsol` (`idSol`, `mudSol`, `wodSol`, `brkSol`, `stnSol`, `cmtSol`, `mscSol`, `othSol`) VALUES
(1, 7997880, 45420, 94488, 3829081, 2931084, 84033, 48655),
(2, 496367, 10447, 28101, 2362869, 1558039, 473033, 50847),
(3, 62617, 116707, 292, 401, 37272, 89, 388),
(4, 20571, 10794, 309, 377, 33669, 147, 127),
(5, 4536303, 190347, 49671, 19399, 387350, 8810, 2410),
(6, 389088, 18905, 27090, 11562, 503712, 23629, 718),
(7, 12768815, 86920, 344648, 35388, 1305839, 27232, 7064),
(8, 621004, 13685, 82412, 10721, 948452, 63331, 1016),
(9, 3591454, 7716, 9415, 149724, 248636, 8881, 1896),
(10, 353191, 2506, 6200, 127069, 423907, 67147, 984),
(11, 105529, 391, 850, 1245, 77329, 38726, 613),
(12, 36384, 704, 1034, 1393, 99997, 93363, 1310),
(13, 4452316, 19276, 33951, 327585, 1819712, 857525, 14808),
(14, 376692, 13349, 21264, 568100, 1357705, 2558329, 26383),
(15, 1916218, 5375, 520770, 35181, 1003792, 56099, 7049),
(16, 220096, 3282, 155829, 78591, 976468, 119526, 7999),
(17, 1297320, 228996, 6528, 50324, 571209, 10132, 3830),
(18, 28127, 7030, 1518, 1879, 192280, 9034, 715),
(19, 1555302, 151794, 9660, 8926, 391929, 4661, 3214),
(20, 130680, 20299, 5125, 3239, 464219, 17996, 1508),
(21, 3801701, 6243, 48437, 6281, 619037, 4861, 2647),
(22, 339473, 6704, 27843, 4361, 935525, 34438, 971),
(23, 4910985, 41439, 41400, 1418565, 2407358, 132880, 45854),
(24, 534482, 17031, 23660, 853468, 2467362, 912206, 23406),
(25, 1791236, 21667, 53279, 80733, 4505922, 392957, 48982),
(26, 284427, 5094, 22466, 17821, 1716511, 378387, 37392),
(27, 9209664, 18594, 45042, 321367, 654200, 131912, 11758),
(28, 1103837, 12342, 25222, 512506, 1349038, 615130, 8734),
(29, 10777153, 64916, 105431, 533788, 1126947, 1658651, 142109),
(30, 1412513, 48147, 74552, 551808, 2530113, 6316465, 258796),
(31, 286826, 48365, 2112, 1671, 22342, 586, 127),
(32, 92392, 2604, 2237, 1344, 30153, 1426, 186),
(33, 173749, 167671, 1588, 1209, 55987, 370, 818),
(34, 16345, 40313, 431, 792, 59981, 1020, 328),
(35, 7330, 76349, 83, 106, 7142, 4, 174),
(36, 7194, 56040, 164, 105, 34948, 249, 181),
(37, 187841, 68061, 1573, 1379, 35331, 551, 182),
(38, 25835, 13717, 577, 391, 43670, 1181, 56),
(39, 6507071, 72064, 78575, 39601, 1661232, 13539, 6425),
(40, 391466, 35953, 16897, 6799, 992842, 48400, 2165),
(41, 1907982, 6549, 655972, 104777, 1063286, 59930, 6579),
(42, 288532, 5585, 342473, 283772, 1149899, 81937, 10203),
(43, 5634567, 17450, 133296, 879243, 2892857, 124357, 55774),
(44, 358679, 6368, 75403, 676792, 1704100, 353253, 25594),
(45, 44708, 24060, 204, 2225, 38078, 475, 205),
(46, 637, 1039, 25, 56, 16250, 876, 5),
(47, 4178613, 12476, 181770, 44746, 5095522, 199742, 11842),
(48, 955203, 9546, 148668, 31472, 5024425, 1080325, 22254),
(49, 618452, 30644, 11307, 831, 39045, 674, 202),
(50, 83829, 1220, 7774, 737, 66737, 1638, 93),
(51, 23548929, 82547, 1135947, 97578, 2180738, 115504, 17740),
(52, 1766174, 31881, 827258, 144213, 3924493, 416239, 12214),
(53, 1389703, 52751, 21658, 71481, 461179, 12953, 2905),
(54, 75802, 3384, 12336, 5481, 404278, 51714, 657),
(55, 11441120, 151907, 415797, 50849, 2307003, 30558, 16077),
(56, 1245696, 59323, 194141, 29636, 3872338, 318914, 6798),
(57, 34822, 5077, 121, 181, 31392, 91, 152),
(58, 2660, 1478, 136, 108, 27636, 343, 25),
(59, 2605, 52, 1265, 118, 22095, 269, 24),
(60, 23578, 279, 4111, 5703, 160327, 20269, 3439),
(61, 25886, 36, 295, 404, 8108, 6086, 109),
(62, 2391, 31, 166, 481, 5950, 7381, 179),
(63, 5494, 88, 77, 308, 21840, 6453, 55),
(64, 787, 81, 102, 542, 8978, 9032, 65),
(65, 47809, 311, 24879, 4947, 147382, 18494, 866),
(66, 213832, 4790, 120231, 92931, 2266101, 427073, 10310),
(67, 1390, 1, 12, 3, 7759, 261, 33),
(68, 753, 2, 9, 4, 5830, 338, 212),
(69, 36591, 88, 600, 227, 49992, 2440, 41),
(70, 25155, 203, 928, 428, 120156, 29677, 680);

-- --------------------------------------------------------

--
-- Structure de la table `tmplattyp`
--

DROP TABLE IF EXISTS `tmplattyp`;
CREATE TABLE IF NOT EXISTS `tmplattyp` (
  `idTyp` int(3) UNSIGNED NOT NULL AUTO_INCREMENT,
  `steNom` varchar(128) NOT NULL,
  `steEnv` varchar(8) NOT NULL,
  `pitTyp` int(4) UNSIGNED DEFAULT NULL,
  `watTyp` int(4) UNSIGNED DEFAULT NULL,
  `othTyp` int(4) UNSIGNED DEFAULT NULL,
  `noTyp` int(4) UNSIGNED DEFAULT NULL,
  PRIMARY KEY (`idTyp`)
) ENGINE=MyISAM AUTO_INCREMENT=71 DEFAULT CHARSET=utf8;

--
-- Déchargement des données de la table `tmplattyp`
--

INSERT INTO `tmplattyp` (`idTyp`, `steNom`, `steEnv`, `pitTyp`, `watTyp`, `othTyp`, `noTyp`) VALUES
(1, 'STATE - ANDHRA PRADESH  28', 'Rural', 809705, 1093148, 397842, 10375523),
(2, 'STATE - ANDHRA PRADESH  28', 'Urban', 630179, 1960525, 667807, 915128),
(3, 'STATE - ARUNACHAL PRADESH  12', 'Rural', 39513, 9940, 28418, 86630),
(4, 'STATE - ARUNACHAL PRADESH  12', 'Urban', 15434, 13499, 12903, 6278),
(5, 'STATE - ASSAM  18', 'Rural', 1979800, 363519, 170485, 1706369),
(6, 'STATE - ASSAM  18', 'Urban', 188702, 421092, 66741, 38650),
(7, 'STATE - BIHAR  10', 'Rural', 755668, 526492, 479431, 10898416),
(8, 'STATE - BIHAR  10', 'Urban', 150391, 574602, 196767, 400823),
(9, 'STATE - CHHATTISGARH  22', 'Rural', 59659, 61434, 52901, 3185084),
(10, 'STATE - CHHATTISGARH  22', 'Urban', 40676, 306495, 68034, 374235),
(11, 'STATE - GOA  30', 'Rural', 26636, 29316, 11911, 72892),
(12, 'STATE - GOA  30', 'Urban', 25948, 53831, 16080, 42602),
(13, 'STATE - GUJARAT  24', 'Rural', 475894, 663847, 134782, 4611438),
(14, 'STATE - GUJARAT  24', 'Urban', 366410, 2334150, 326408, 731060),
(15, 'STATE - HARYANA  06', 'Rural', 502207, 51845, 149461, 1750950),
(16, 'STATE - HARYANA  06', 'Urban', 284714, 333201, 249377, 207887),
(17, 'STATE - HIMACHAL PRADESH  02', 'Rural', 164167, 70258, 69777, 793318),
(18, 'STATE - HIMACHAL PRADESH  02', 'Urban', 17166, 71153, 22197, 32597),
(19, 'STATE - JAMMU & KASHMIR  01', 'Rural', 190753, 33450, 261231, 675923),
(20, 'STATE - JAMMU & KASHMIR  01', 'Urban', 78751, 103602, 156815, 51243),
(21, 'STATE - JHARKHAND  20', 'Rural', 80582, 84693, 84517, 3552620),
(22, 'STATE - JHARKHAND  20', 'Urban', 78521, 437172, 191197, 353288),
(23, 'STATE - KARNATAKA  29', 'Rural', 632514, 311500, 217245, 5513914),
(24, 'STATE - KARNATAKA  29', 'Urban', 736283, 1595616, 343868, 881193),
(25, 'STATE - KERALA  32', 'Rural', 631664, 3063983, 324374, 922529),
(26, 'STATE - KERALA  32', 'Urban', 183557, 1235462, 101728, 131909),
(27, 'STATE - MADHYA PRADESH  23', 'Rural', 315561, 213056, 197601, 7398577),
(28, 'STATE - MADHYA PRADESH  23', 'Urban', 332437, 1148702, 412089, 901630),
(29, 'STATE - MAHARASHTRA  27', 'Rural', 1124458, 585470, 292008, 8991687),
(30, 'STATE - MAHARASHTRA  27', 'Urban', 571036, 3580166, 535330, 3382994),
(31, 'STATE - MANIPUR  14', 'Rural', 198029, 13708, 17925, 66692),
(32, 'STATE - MANIPUR  14', 'Urban', 67834, 20815, 7904, 4749),
(33, 'STATE - MEGHALAYA  17', 'Rural', 98370, 12339, 21490, 197479),
(34, 'STATE - MEGHALAYA  17', 'Urban', 30005, 39435, 13505, 7623),
(35, 'STATE - MIZORAM  15', 'Rural', 55677, 3271, 4337, 16077),
(36, 'STATE - MIZORAM  15', 'Urban', 44477, 28170, 7353, 1604),
(37, 'STATE - NAGALAND  13', 'Rural', 125410, 15705, 30410, 93809),
(38, 'STATE - NAGALAND  13', 'Urban', 27000, 13255, 22539, 3922),
(39, 'STATE - ORISSA  21', 'Rural', 209472, 223290, 90510, 6259607),
(40, 'STATE - ORISSA  21', 'Urban', 103055, 468113, 77767, 438313),
(41, 'STATE - PUNJAB  03', 'Rural', 731747, 177292, 226487, 1639936),
(42, 'STATE - PUNJAB  03', 'Urban', 305813, 692949, 290145, 200787),
(43, 'STATE - RAJASTHAN  08', 'Rural', 579921, 227428, 238036, 6111318),
(44, 'STATE - RAJASTHAN  08', 'Urban', 397910, 886868, 378726, 522087),
(45, 'STATE - SIKKIM  11', 'Rural', 27296, 22326, 4816, 37285),
(46, 'STATE - SIKKIM  11', 'Urban', 251, 11322, 373, 1069),
(47, 'STATE - TAMIL NADU  33', 'Rural', 377122, 609067, 201730, 7086871),
(48, 'STATE - TAMIL NADU  33', 'Urban', 658193, 2682181, 454527, 2103935),
(49, 'STATE - TRIPURA  16', 'Rural', 356303, 24631, 39650, 119096),
(50, 'STATE - TRIPURA  16', 'Urban', 54806, 52763, 11051, 3723),
(51, 'STATE - UTTAR PRADESH  09', 'Rural', 1716646, 401200, 1840724, 16631504),
(52, 'STATE - UTTAR PRADESH  09', 'Urban', 934442, 1653335, 1549079, 1033671),
(53, 'STATE - UTTARANCHAL  05', 'Rural', 192541, 85770, 99685, 818161),
(54, 'STATE - UTTARANCHAL  05', 'Urban', 104258, 159255, 75478, 51173),
(55, 'STATE - WEST BENGAL  19', 'Rural', 1712827, 778345, 514682, 8156016),
(56, 'STATE - WEST BENGAL  19', 'Urban', 1042595, 2513682, 307646, 690122),
(57, 'UNION TERRITORY - ANDAMAN & NICOBAR ISLANDS  35', 'Rural', 6154, 9127, 5737, 28635),
(58, 'UNION TERRITORY - ANDAMAN & NICOBAR ISLANDS  35', 'Urban', 1578, 13739, 2589, 5503),
(59, 'UNION TERRITORY - CHANDIGARH  04', 'Rural', 1363, 10137, 3098, 6704),
(60, 'UNION TERRITORY - CHANDIGARH  04', 'Urban', 1849, 127789, 14950, 35988),
(61, 'UNION TERRITORY - DADRA & NAGAR HAVELI  26', 'Rural', 74, 5538, 67, 27104),
(62, 'UNION TERRITORY - DADRA & NAGAR HAVELI  26', 'Urban', 388, 8010, 241, 2551),
(63, 'UNION TERRITORY - DAMAN & DIU  25', 'Rural', 2069, 4468, 537, 15017),
(64, 'UNION TERRITORY - DAMAN & DIU  25', 'Urban', 419, 7418, 179, 4235),
(65, 'UNION TERRITORY - DELHI  07', 'Rural', 55767, 32255, 18586, 62920),
(66, 'UNION TERRITORY - DELHI  07', 'Urban', 362087, 1129239, 393275, 500020),
(67, 'UNION TERRITORY - LAKSHADWEEP  31', 'Rural', 20, 4881, 83, 367),
(68, 'UNION TERRITORY - LAKSHADWEEP  31', 'Urban', 30, 2729, 499, 631),
(69, 'UNION TERRITORY - PONDICHERRY  34', 'Rural', 708, 14325, 434, 56732),
(70, 'UNION TERRITORY - PONDICHERRY  34', 'Urban', 2994, 81057, 4692, 47713);
COMMIT;

/*!40101 SET CHARACTER_SET_CLIENT=@OLD_CHARACTER_SET_CLIENT */;
/*!40101 SET CHARACTER_SET_RESULTS=@OLD_CHARACTER_SET_RESULTS */;
/*!40101 SET COLLATION_CONNECTION=@OLD_COLLATION_CONNECTION */;
